,City,Country,Lat,Lng,Max Temp,Humidity,Cloudiness,Wind Speed,Current Description
0,Saint-Pierre,RE,-21.3393,55.4781,78.48,82,75,10.36,broken clouds
1,Jamestown,US,42.097,-79.2353,51.53,72,100,8.05,overcast clouds
2,Touros,BR,-5.1989,-35.4608,85.69,63,63,13.11,broken clouds
3,Kannur,IN,11.8675,75.3576,81.59,84,31,3.27,scattered clouds
4,Hithadhoo,MV,-0.6,73.0833,82.72,61,7,2.55,clear sky
5,Batagay-Alyta,RU,67.8006,130.4114,-9.96,96,93,5.82,overcast clouds
6,Nanakuli,US,21.3906,-158.1547,76.1,68,7,19.71,clear sky
7,Saskylakh,RU,71.9167,114.0833,-23.39,100,12,2.13,few clouds
8,Clyde River,CA,70.4692,-68.5914,10.63,85,100,16.11,light snow
9,Butaritari,KI,3.0707,172.7902,80.58,81,100,15.1,light rain
10,Jalu,LY,29.0331,21.5482,76.87,30,0,21.83,clear sky
11,Ponta Delgada,PT,37.7333,-25.6667,63.32,88,75,23.02,broken clouds
12,Punta Arenas,CL,-53.15,-70.9167,46.51,61,0,10.36,clear sky
13,New Norfolk,AU,-42.7826,147.0587,49.71,76,15,2.64,few clouds
14,Dikson,RU,73.5069,80.5464,3.85,97,100,9.82,overcast clouds
15,Kapaa,US,22.0752,-159.319,76.19,78,75,16.11,broken clouds
16,Leningradskiy,RU,69.3833,178.4167,-5.62,98,100,9.6,overcast clouds
17,Ambatondrazaka,MG,-17.8333,48.4167,67.32,98,9,3.44,light rain
18,Tasiilaq,GL,65.6145,-37.6368,23.16,92,100,11.03,light snow
19,Isangel,VU,-19.55,169.2667,79.9,76,100,13.04,overcast clouds
20,Puerto Ayora,EC,-0.7393,-90.3518,84.16,72,62,10.74,light rain
21,Carnarvon,AU,-24.8667,113.6333,77.07,78,40,12.66,scattered clouds
22,East London,ZA,-33.0153,27.9116,56.34,82,0,9.22,clear sky
23,Richards Bay,ZA,-28.783,32.0377,68.04,80,100,8.5,light rain
24,Rikitea,PF,-23.1203,-134.9692,79.57,64,14,15.01,few clouds
25,Ushuaia,AR,-54.8,-68.3,44.22,61,20,9.22,few clouds
26,Bengkulu,ID,-3.8004,102.2655,74.14,87,88,4.25,overcast clouds
27,Nikolskoye,RU,59.7035,30.7861,40.8,99,100,8.55,light rain
28,Bambous Virieux,MU,-20.3428,57.7575,79.05,83,40,9.22,light rain
29,Belaya Gora,RU,68.5333,146.4167,-15.77,100,92,4.47,overcast clouds
30,Komsomolskiy,UZ,40.4272,71.7189,68.72,40,100,4.61,overcast clouds
31,Castro,BR,-24.7911,-50.0119,73.36,71,100,2.15,overcast clouds
32,Kodiak,US,57.79,-152.4072,33.31,86,100,0.0,light rain
33,Barcelos,PT,41.5388,-8.6151,57.34,84,100,8.95,overcast clouds
34,Hermanus,ZA,-34.4187,19.2345,52.81,71,19,10.89,few clouds
35,Pevek,RU,69.7008,170.3133,-1.8,98,100,6.55,light snow
36,Klaksvik,FO,62.2266,-6.589,34.72,76,100,35.52,light snow
37,Makokou,GA,0.5738,12.8642,76.21,82,77,2.89,broken clouds
38,Ust-Kulom,RU,61.6864,53.6902,32.72,98,100,5.53,light snow
39,Lasa,IT,46.6166,10.7002,53.37,98,99,4.32,overcast clouds
40,Norman Wells,CA,65.282,-126.8329,26.64,50,0,10.36,clear sky
41,Busselton,AU,-33.65,115.3333,64.62,56,61,4.7,broken clouds
42,Zhanakorgan,KZ,43.9098,67.2495,64.76,47,18,7.63,few clouds
43,Kisangani,CD,0.5167,25.2,77.47,78,72,1.45,light rain
44,Amapa,BR,1.0,-52.0,79.3,93,87,2.06,heavy intensity rain
45,Buala,SB,-8.145,159.5921,79.7,84,100,9.66,light rain
46,Chuy,UY,-33.6971,-53.4616,76.73,44,84,7.63,broken clouds
47,Port Alfred,ZA,-33.5906,26.891,59.18,77,31,5.01,scattered clouds
48,Cabo San Lucas,MX,22.8909,-109.9124,86.61,56,0,8.05,clear sky
49,Hamilton,US,39.1834,-84.5333,54.75,51,100,16.11,overcast clouds
50,Pimenteiras,BR,-6.2453,-41.4192,86.61,57,100,5.39,overcast clouds
51,Thompson,CA,55.7435,-97.8558,37.56,38,20,3.44,few clouds
52,Mataura,NZ,-46.1927,168.8643,49.87,68,95,8.43,overcast clouds
53,Bredasdorp,ZA,-34.5322,20.0403,57.49,70,45,5.61,scattered clouds
54,Atuona,PF,-9.8,-139.0333,79.29,70,29,15.99,scattered clouds
55,Lagoa,PT,39.05,-27.9833,59.95,87,100,21.5,overcast clouds
56,Sai Buri,TH,6.7013,101.6168,77.4,85,100,6.53,heavy intensity rain
57,Albany,US,42.6001,-73.9662,48.94,91,100,5.99,light rain
58,Lufilufi,WS,-13.8745,-171.5986,76.78,79,81,18.95,light rain
59,Barrow,US,71.2906,-156.7887,-2.18,78,0,6.91,clear sky
60,Timbiqui,CO,2.7717,-77.6654,82.67,77,87,5.12,light rain
61,Mount Gambier,AU,-37.8333,140.7667,53.51,94,0,6.91,clear sky
62,Margate,GB,51.3813,1.3862,51.31,52,44,13.0,scattered clouds
63,Albanel,CA,48.8832,-72.4487,41.14,52,98,13.8,overcast clouds
64,Fortuna,US,40.5982,-124.1573,72.93,58,0,1.99,clear sky
65,Boende,CD,-0.2167,20.8667,77.74,69,46,4.43,scattered clouds
66,Knyaginino,RU,55.8228,45.0349,34.3,99,100,13.65,overcast clouds
67,Fundacion,CO,10.5207,-74.185,91.96,62,100,3.04,overcast clouds
68,Porto Novo,BJ,6.4965,2.6036,84.02,74,32,10.38,scattered clouds
69,Baykit,RU,61.67,96.37,23.92,96,100,5.32,overcast clouds
70,Makakilo City,US,21.3469,-158.0858,75.0,62,40,17.27,scattered clouds
71,Mandal,IN,25.45,74.5667,86.86,10,2,7.14,clear sky
72,Pamanukan,ID,-6.2842,107.8106,77.07,87,98,4.16,overcast clouds
73,Marsabit,KE,2.3284,37.9899,74.66,42,81,11.95,broken clouds
74,Qaanaaq,GL,77.484,-69.3632,-1.17,83,35,5.03,scattered clouds
75,Hobart,AU,-42.8794,147.3294,50.05,88,12,8.05,few clouds
76,Boden,SE,65.8252,21.6886,28.4,96,100,5.77,light snow
77,Mar Del Plata,AR,-38.0023,-57.5575,64.42,85,75,11.5,broken clouds
78,Orlik,RU,52.5178,99.825,23.76,90,18,3.49,few clouds
79,Aldan,RU,58.6031,125.3894,5.85,91,100,4.54,overcast clouds
80,Husavik,IS,66.0449,-17.3389,28.0,83,98,7.56,light snow
81,Longyearbyen,SJ,78.2186,15.6401,12.04,62,20,13.8,few clouds
82,Ancud,CL,-41.8697,-73.8203,57.22,89,100,5.12,overcast clouds
83,Esperance,AU,-33.8667,121.9,60.64,64,33,16.71,scattered clouds
84,Hilo,US,19.7297,-155.09,76.24,83,100,9.22,overcast clouds
85,Oktyabrskiy,RU,54.4815,53.471,27.86,92,83,5.06,broken clouds
86,Salalah,OM,17.0151,54.0924,80.69,83,0,4.61,clear sky
87,Namibe,AO,-15.1961,12.1522,71.6,77,3,9.98,clear sky
88,Srednekolymsk,RU,67.45,153.6833,-15.18,100,23,6.38,few clouds
89,Naze,JP,28.3667,129.4833,61.72,67,86,11.12,overcast clouds
90,Hualmay,PE,-11.0964,-77.6139,74.5,72,69,12.19,broken clouds
91,Sao Joao Da Barra,BR,-21.6403,-41.0511,82.49,71,99,12.62,overcast clouds
92,Pangnirtung,CA,66.1451,-65.7125,10.4,79,75,0.0,light snow
93,Bluff,NZ,-46.6,168.3333,55.87,80,83,26.42,broken clouds
94,Souillac,MU,-20.5167,57.5167,79.18,83,40,9.22,light rain
95,Ust-Tsilma,RU,65.441,52.1498,5.7,98,98,3.18,overcast clouds
96,Kita,ML,13.0349,-9.4895,97.57,10,86,2.51,overcast clouds
97,Terrace,CA,54.5163,-128.6035,35.51,100,100,11.5,light snow
98,Khatanga,RU,71.9667,102.5,3.47,92,97,13.24,overcast clouds
99,Blythe,US,33.6103,-114.5964,85.03,5,0,13.56,clear sky
100,Yellowknife,CA,62.456,-114.3525,35.42,61,40,6.91,scattered clouds
101,Iqaluit,CA,63.7506,-68.5145,17.33,67,75,3.44,broken clouds
102,Dwarka,IN,22.2394,68.9678,81.25,72,17,10.54,few clouds
103,Avera,US,33.194,-82.5271,71.55,38,70,17.29,broken clouds
104,Bielsk Podlaski,PL,52.7651,23.1865,52.25,75,78,17.0,broken clouds
105,Kruisfontein,ZA,-34.0033,24.7314,55.89,66,27,10.36,scattered clouds
106,Vaini,TO,-21.2,-175.2,75.36,100,75,2.3,broken clouds
107,Kavieng,PG,-2.5744,150.7967,79.57,82,100,1.34,moderate rain
108,Tezu,IN,27.9167,96.1667,67.87,87,100,5.59,overcast clouds
109,Los Llanos De Aridane,ES,28.6585,-17.9182,62.35,78,40,9.22,scattered clouds
110,Avarua,CK,-21.2078,-159.775,80.65,83,40,5.75,scattered clouds
111,Santa Cruz De Tenerife,ES,28.4682,-16.2546,69.87,76,20,17.27,few clouds
112,Bathsheba,BB,13.2167,-59.5167,86.61,58,20,18.41,few clouds
113,Vila Velha,BR,-20.3297,-40.2925,82.35,76,75,12.66,broken clouds
114,Faanui,PF,-16.4833,-151.75,82.8,70,10,19.66,clear sky
115,Lashio,MM,22.9333,97.75,66.0,64,0,1.92,clear sky
116,Port Hedland,AU,-20.3167,118.5667,80.65,89,0,8.05,clear sky
117,Torbay,CA,47.6666,-52.7314,36.88,93,100,17.27,mist
118,Ixil,MX,21.15,-89.4833,97.05,52,42,14.29,scattered clouds
119,Ilulissat,GL,69.2167,-51.1,21.22,79,100,6.91,light shower snow
120,Sur,OM,22.5667,59.5289,85.46,39,0,4.72,clear sky
121,Cayenne,GF,4.9333,-52.3333,84.24,1,75,13.8,broken clouds
122,Barcelona,ES,41.3888,2.159,71.83,42,0,6.91,clear sky
123,Vostok,RU,46.4856,135.8833,16.61,88,14,4.27,few clouds
124,Cape Town,ZA,-33.9258,18.4232,61.27,70,0,18.41,clear sky
125,Yamethin,MM,20.4333,96.15,80.94,56,18,6.91,few clouds
126,Hofn,IS,64.2539,-15.2082,33.42,50,99,11.07,overcast clouds
127,Port Macquarie,AU,-31.4333,152.9167,65.89,83,100,9.6,overcast clouds
128,Jian,CN,27.1172,114.9793,63.88,63,0,1.86,clear sky
129,Bergama,TR,39.1207,27.1805,56.19,90,2,5.7,clear sky
130,Concordia,AR,-31.393,-58.0209,75.78,77,100,1.99,overcast clouds
131,Provideniya,RU,64.3833,-173.3,-2.78,84,100,2.48,overcast clouds
132,Caravelas,BR,-17.7125,-39.2481,81.61,72,79,5.19,broken clouds
133,Coihaique,CL,-45.5752,-72.0662,53.55,66,40,3.44,scattered clouds
134,Chara,RU,56.9064,118.2631,17.85,90,89,2.46,overcast clouds
135,Le Port,RE,-20.9373,55.2919,78.8,70,46,3.69,scattered clouds
136,Nizhniy Kuranakh,RU,58.8353,125.4869,7.2,96,100,2.37,overcast clouds
137,Lebu,CL,-37.6167,-73.65,60.85,86,71,5.84,broken clouds
138,Poum,NC,-20.2333,164.0167,81.43,82,100,18.25,overcast clouds
139,Victor Harbor,AU,-35.5667,138.6167,59.92,87,0,4.92,clear sky
140,Miguel Hidalgo,MX,19.4225,-99.2028,76.93,33,20,4.61,few clouds
141,Mogadishu,SO,2.0371,45.3438,81.88,77,82,14.43,broken clouds
142,Ossora,RU,59.2353,163.0719,21.16,97,100,4.12,overcast clouds
143,Ballina,AU,-28.8667,153.5667,71.56,87,75,11.5,broken clouds
144,Macroom,IE,51.9,-8.95,48.27,75,79,5.44,broken clouds
145,Tiksi,RU,71.6872,128.8694,-12.14,100,88,1.61,overcast clouds
146,Araouane,ML,18.9048,-3.5265,92.26,11,7,10.76,clear sky
147,Odweyne,SO,9.4092,45.064,76.17,43,100,8.84,overcast clouds
148,Uruzgan,AF,32.8333,66.0,67.17,22,0,2.55,clear sky
149,Libreville,GA,0.3925,9.4537,81.14,86,64,12.5,light rain
150,Herat,AF,34.5,62.0,70.88,34,12,8.59,few clouds
151,Vila Franca Do Campo,PT,37.7167,-25.4333,63.01,90,100,20.54,overcast clouds
152,Sambava,MG,-14.2667,50.1667,77.83,90,100,9.04,light rain
153,Flin Flon,CA,54.7682,-101.865,39.04,60,20,5.75,few clouds
154,Kaitangata,NZ,-46.2817,169.8464,53.01,62,76,14.5,broken clouds
155,Denpasar,ID,-8.65,115.2167,78.46,94,40,2.3,scattered clouds
156,Mehamn,NO,71.0357,27.8492,35.51,93,99,23.0,light rain
157,Adrar,MR,20.5022,-10.0711,81.63,15,0,11.07,clear sky
158,Vao,NC,-22.6667,167.4833,79.63,83,86,34.11,moderate rain
159,Maceio,BR,-9.6658,-35.7353,80.04,83,75,5.75,broken clouds
160,Henties Bay,NA,-22.116,14.2845,61.95,82,0,6.06,clear sky
161,Port Elizabeth,ZA,-33.918,25.5701,59.29,75,0,14.97,clear sky
162,Chokurdakh,RU,70.6333,147.9167,-22.76,93,67,4.16,broken clouds
163,Pacific Grove,US,36.6177,-121.9166,88.39,30,0,4.61,clear sky
164,Xining,CN,36.6167,101.7667,48.4,24,100,2.66,overcast clouds
165,Okakarara,NA,-20.5833,17.4333,73.29,32,48,6.08,scattered clouds
166,Boa Vista,BR,2.8197,-60.6733,93.18,43,75,8.05,broken clouds
167,Dukat,RU,62.55,155.55,3.99,92,100,3.8,overcast clouds
168,Constitucion,CL,-35.3333,-72.4167,66.4,67,18,16.8,few clouds
169,Leira,ES,43.1167,-8.4,55.06,78,100,11.21,overcast clouds
170,Pasighat,IN,28.0667,95.3333,66.87,88,100,7.49,overcast clouds
171,College Station,US,30.628,-96.3344,71.47,22,0,16.11,clear sky
172,Murgab,TM,37.4966,61.9714,67.87,49,100,4.61,overcast clouds
173,Waitati,NZ,-45.75,170.5667,56.8,50,100,11.01,overcast clouds
174,Saint-Prosper,CA,46.2117,-70.4811,46.69,73,99,11.68,overcast clouds
175,Nemuro,JP,43.3236,145.575,31.86,93,100,10.74,snow
176,Ariquemes,BR,-9.9133,-63.0408,86.72,64,87,3.78,light rain
177,Luorong,CN,24.4058,109.6086,67.24,53,0,3.36,clear sky
178,Eureka,US,40.8021,-124.1637,73.2,67,99,3.0,overcast clouds
179,Severo-Kurilsk,RU,50.6789,156.125,26.85,83,100,7.09,overcast clouds
180,Luderitz,NA,-26.6481,15.1594,68.02,50,63,19.46,broken clouds
181,Kuytun,RU,54.3419,101.5036,33.22,79,45,10.38,scattered clouds
182,Pochutla,MX,15.7432,-96.4661,88.83,39,100,10.33,overcast clouds
183,Aklavik,CA,68.2191,-135.0107,21.2,63,75,4.61,broken clouds
184,Oskemen,KZ,49.9565,82.6119,40.96,93,100,2.24,light rain
185,Zagreb,HR,45.8131,15.9775,61.02,44,0,11.5,clear sky
186,Okhotsk,RU,59.3833,143.3,16.54,91,100,8.88,overcast clouds
187,Muros,ES,42.7762,-9.0603,58.08,85,100,18.99,overcast clouds
188,Rosetta,EG,31.4044,30.4164,72.93,47,100,9.93,overcast clouds
189,Bartica,GY,6.4,-58.6167,79.12,85,42,5.37,scattered clouds
190,Turukhansk,RU,65.8167,87.9833,6.28,97,21,5.03,few clouds
191,Lalibela,ET,12.0333,39.0333,63.05,29,68,10.69,broken clouds
192,Torbat-E Jam,IR,35.244,60.6225,70.7,37,100,7.81,overcast clouds
193,Tuatapere,NZ,-46.1333,167.6833,52.72,80,100,12.82,overcast clouds
194,Pervomayskoye,RU,43.919,46.7102,48.29,60,95,16.28,overcast clouds
195,Saldanha,ZA,-33.0117,17.9442,59.05,71,5,24.4,clear sky
196,Atar,MR,20.5169,-13.0499,82.45,28,0,9.22,clear sky
197,Cidreira,BR,-30.1811,-50.2056,71.47,84,100,10.04,overcast clouds
198,Sri Aman,MY,1.2376,111.4621,73.45,100,93,2.3,overcast clouds
199,Lompoc,US,34.6391,-120.4579,90.7,32,0,3.44,haze
200,Olafsvik,IS,64.8945,-23.7142,29.52,67,100,3.04,overcast clouds
201,Aasiaat,GL,68.7098,-52.8699,13.8,85,100,1.41,overcast clouds
202,Kropotkin,RU,45.4375,40.5756,51.48,69,0,12.66,clear sky
203,Dicabisagan,PH,17.0818,122.4157,75.27,92,63,4.68,broken clouds
204,Kupang,ID,-10.1667,123.5833,77.36,87,100,4.74,overcast clouds
205,Loviisa,FI,60.4566,26.2251,32.29,99,100,5.32,light snow
206,Veraval,IN,20.9,70.3667,84.07,53,22,12.48,few clouds
207,Egvekinot,RU,66.3167,-179.1667,-8.64,96,100,1.52,overcast clouds
208,Puerto Escondido,MX,15.85,-97.0667,85.03,74,0,8.05,clear sky
209,Teguldet,RU,57.3064,88.1667,30.65,95,21,5.64,few clouds
210,Cockburn Town,TC,21.4612,-71.1419,78.66,76,9,19.69,clear sky
211,Bhilwara,IN,25.35,74.6333,84.16,10,5,1.59,clear sky
212,Ayr,GB,55.4627,-4.6339,44.58,61,40,17.27,scattered clouds
213,Laguna,US,38.421,-121.4238,84.18,37,0,4.61,clear sky
214,Filadelfia,US,39.9523,-75.1638,52.21,96,100,12.66,light rain
215,Asau,RO,46.4333,26.4,48.96,66,100,1.99,overcast clouds
216,Ponta Do Sol,PT,32.6667,-17.1,65.12,73,59,2.1,broken clouds
217,Livingston,GB,55.9029,-3.5226,42.85,78,40,5.75,scattered clouds
218,Hami,CN,42.8,93.45,64.65,16,8,8.39,clear sky
219,Saint-Philippe,RE,-21.3585,55.7679,78.39,84,38,12.77,light rain
220,Vardo,NO,70.3705,31.1107,33.78,75,40,23.02,scattered clouds
221,San Cristobal,VE,7.7669,-72.225,84.38,42,87,6.89,overcast clouds
222,Padang,ID,-0.9492,100.3543,79.0,68,100,2.04,overcast clouds
223,Ginir,ET,7.1333,40.7,62.62,48,29,3.76,scattered clouds
224,Ahipara,NZ,-35.1667,173.1667,60.42,79,98,6.69,overcast clouds
225,Biak,ID,-0.9131,122.8766,75.83,81,100,2.62,overcast clouds
226,Saint George,US,37.1041,-113.5841,67.42,11,0,3.0,clear sky
227,Gamba,GA,-2.65,10.0,78.15,91,66,8.97,light rain
228,Moindou,NC,-21.6924,165.677,77.31,87,100,7.92,moderate rain
229,Xuddur,SO,4.1213,43.8894,86.41,30,100,9.64,overcast clouds
230,Hamina,FI,60.5697,27.1979,33.08,100,100,4.79,light snow
231,Kahului,US,20.8947,-156.47,77.02,65,20,20.71,few clouds
232,Makubetsu,JP,45.3714,141.8211,35.49,66,100,8.63,overcast clouds
233,Bahia Blanca,AR,-38.7196,-62.2724,76.96,39,100,8.7,overcast clouds
234,High Prairie,CA,55.4334,-116.4858,50.22,38,41,5.95,scattered clouds
235,Karasjok,NO,69.4719,25.5112,26.96,97,100,5.01,light snow
236,Mutare,ZW,-18.9707,32.6709,65.61,93,42,5.08,scattered clouds
237,Noyabrsk,RU,63.1994,75.4507,-0.2,100,54,4.65,broken clouds
238,Tarasovskiy,RU,48.7292,40.3636,51.08,60,11,9.33,few clouds
239,Tamiahua,MX,21.2667,-97.45,78.62,54,100,20.45,overcast clouds
240,Hasaki,JP,35.7333,140.8333,48.6,84,63,14.74,broken clouds
241,Balkhash,KZ,46.844,74.9804,47.57,65,100,12.59,overcast clouds
242,Yulara,AU,-25.2406,130.9889,62.44,45,0,8.05,clear sky
243,Luwuk,ID,-0.9516,122.7875,76.6,82,100,3.49,overcast clouds
244,Dongsheng,CN,39.8161,109.9776,50.5,22,3,11.92,clear sky
245,Salvador,SV,13.8333,-88.9167,87.84,30,29,4.72,scattered clouds
246,Cherskiy,RU,68.75,161.3,-24.11,100,84,2.42,broken clouds
247,Bilma,NE,18.6853,12.9164,92.59,6,0,7.34,clear sky
248,Chulman,RU,56.8479,124.9104,-0.04,99,100,2.28,overcast clouds
249,Arraial Do Cabo,BR,-22.9661,-42.0278,80.56,73,20,11.5,few clouds
250,Pontianak,ID,-0.0333,109.3333,75.18,100,75,1.14,light rain
251,Brae,GB,60.3964,-1.353,40.87,63,90,21.18,overcast clouds
252,Juneau,US,58.3019,-134.4197,44.22,93,75,20.71,broken clouds
253,Geraldton,AU,-28.7667,114.6,73.81,83,49,12.66,scattered clouds
254,Fallon,US,39.4735,-118.7774,67.91,15,0,0.0,clear sky
255,Dzilam Gonzalez,MX,21.2833,-88.9333,94.24,47,89,10.63,overcast clouds
256,Pakokku,MM,21.3333,95.1,90.12,41,56,9.93,broken clouds
257,Iracoubo,GF,5.4802,-53.2011,78.42,88,100,10.92,overcast clouds
258,Wani,IN,20.0667,78.95,91.4,25,5,5.66,clear sky
259,Katsuura,JP,35.1333,140.3,55.56,84,0,12.84,clear sky
260,Iralaya,HN,15.0,-83.2333,84.18,65,100,10.94,overcast clouds
261,Kholm-Zhirkovskiy,RU,55.5189,33.4731,43.29,97,100,11.1,light rain
262,Ribeira Grande,PT,38.5167,-28.7,63.0,88,40,16.11,scattered clouds
263,Champerico,GT,14.3,-91.9167,93.74,60,74,13.62,broken clouds
264,Coahuayana,MX,18.7333,-103.6833,89.4,42,10,7.94,clear sky
265,Kondinskoye,RU,59.6481,67.41,33.26,98,100,12.8,light snow
266,Nioro,GM,13.35,-15.75,102.54,11,78,5.26,broken clouds
267,San Patricio,US,28.017,-97.5169,80.69,13,0,15.32,clear sky
268,Koslan,RU,63.4564,48.8989,26.53,97,96,1.19,overcast clouds
269,Grindavik,IS,63.8424,-22.4338,33.75,55,75,12.66,broken clouds
270,Sipoo,FI,60.3775,25.2691,35.1,93,75,9.22,light rain
271,Tahoua,NE,14.8888,5.2692,105.78,3,100,8.05,overcast clouds
272,Hohhot,CN,40.8106,111.6522,37.69,41,0,6.71,clear sky
273,Mahon,ES,39.8885,4.2658,57.76,82,0,14.97,clear sky
274,Ternate,ID,0.8,127.4,80.49,80,100,5.37,overcast clouds
275,Upernavik,GL,72.7868,-56.1549,8.01,88,100,1.52,overcast clouds
276,Santo Domingo,DO,18.5001,-69.9886,87.48,65,40,11.5,scattered clouds
277,Konotop,UA,51.2403,33.2026,51.51,61,83,13.27,broken clouds
278,Roswell,US,34.0232,-84.3616,69.67,32,0,18.41,clear sky
279,Okato,NZ,-39.2,173.8833,47.68,75,0,2.37,clear sky
280,Guamuchil,MX,25.4667,-108.1,96.01,22,1,7.31,clear sky
281,Fez,MA,34.0372,-4.9998,64.65,55,40,5.75,scattered clouds
282,Moree,AU,-29.4667,149.85,64.42,82,100,8.05,overcast clouds
283,Puerto Suarez,BO,-18.95,-57.8,100.76,41,75,5.75,broken clouds
284,Pisco,PE,-13.7,-76.2167,73.45,73,0,6.91,clear sky
285,Zunyi,CN,27.6867,106.9072,58.12,57,3,1.32,clear sky
286,Mollendo,PE,-17.0231,-72.0147,70.75,74,40,6.64,scattered clouds
287,Nishihara,JP,26.1842,127.7558,65.48,77,0,11.5,clear sky
288,Wanning,CN,18.8003,110.3967,67.08,83,91,5.95,overcast clouds
289,Port Blair,IN,11.6667,92.75,80.64,89,40,2.3,thunderstorm
290,Mubende,UG,0.5606,31.39,62.8,93,100,2.46,overcast clouds
291,Tsiroanomandidy,MG,-18.7667,46.0333,68.94,82,43,1.36,light rain
292,Hillsborough,US,37.5741,-122.3794,87.87,35,40,3.0,scattered clouds
293,Palmer,US,42.1584,-72.3287,53.24,56,100,5.99,overcast clouds
294,Ler,SS,8.3018,30.1418,88.61,40,99,3.13,overcast clouds
295,Haines Junction,CA,60.7522,-137.5108,33.75,51,100,2.3,overcast clouds
296,Pucallpa,PE,-8.3791,-74.5539,86.04,66,40,3.44,scattered clouds
297,Kysyl-Syr,RU,63.8986,122.7617,-5.46,100,100,4.32,overcast clouds
298,Beringovskiy,RU,63.05,179.3167,-6.45,87,31,5.61,scattered clouds
299,The Pas,CA,53.8251,-101.2541,37.42,60,0,5.75,clear sky
300,Omboue,GA,-1.5746,9.2618,78.44,89,55,8.77,light rain
301,Riyadh,SA,24.6877,46.7219,87.94,8,0,10.09,clear sky
302,Labuhan,ID,-6.8844,112.2051,77.09,86,97,8.23,overcast clouds
303,Kirkwood,US,38.5834,-90.4068,52.29,42,100,18.41,overcast clouds
304,Erenhot,CN,43.6475,111.9767,52.75,24,20,12.33,few clouds
305,Vilhena,BR,-12.7406,-60.1458,88.02,51,40,10.36,scattered clouds
306,Wad Rawah,SD,15.1603,33.1397,96.33,16,5,10.02,clear sky
307,Nigran,ES,42.1415,-8.8066,59.04,69,75,13.0,broken clouds
308,Port-Gentil,GA,-0.7193,8.7815,80.92,86,48,14.09,scattered clouds
309,Oranienburg,DE,52.75,13.2333,52.09,75,100,1.99,overcast clouds
310,Bilibino,RU,68.0546,166.4372,-20.63,98,81,2.84,broken clouds
311,Ban Bung,TH,18.3081,100.7044,76.26,62,50,1.83,scattered clouds
312,Sao Jose Da Coroa Grande,BR,-8.8978,-35.1478,81.9,74,26,8.46,scattered clouds
313,Shubarkuduk,KZ,49.1447,56.4872,47.08,62,0,2.33,clear sky
314,Marrakesh,MA,31.6315,-8.0083,71.67,35,20,5.75,few clouds
315,Pandan,PH,14.0453,124.1694,78.06,86,100,8.93,light rain
316,Khatassy,RU,61.9036,129.6383,8.58,100,97,4.18,overcast clouds
317,Narsaq,GL,60.9167,-46.05,37.62,74,71,5.06,broken clouds
318,Georgetown,MY,5.4112,100.3354,80.53,93,40,7.0,scattered clouds
319,Auriflama,BR,-20.6856,-50.5547,88.7,47,100,4.79,overcast clouds
320,Pasni,PK,25.2631,63.471,80.44,67,0,9.98,clear sky
321,San Quintin,MX,30.4833,-115.95,77.4,38,0,7.87,clear sky
322,Konstantinovka,RU,49.6167,127.9833,31.1,76,100,10.31,overcast clouds
323,Salym,RU,60.0625,71.4789,33.44,98,100,7.34,light snow
324,Lahij,YE,13.1667,44.5833,76.87,59,100,4.52,overcast clouds
325,Batagay,RU,67.6333,134.6333,-6.54,99,100,0.56,overcast clouds
326,Mahebourg,MU,-20.4081,57.7,79.09,83,40,9.22,scattered clouds
327,Te Anau,NZ,-45.4167,167.7167,48.15,86,100,4.68,overcast clouds
328,Genhe,CN,50.7833,121.5167,31.23,96,100,3.71,snow
329,Kavaratti,IN,10.5669,72.642,83.86,71,87,6.31,overcast clouds
330,Qasigiannguit,GL,68.8193,-51.1922,21.45,88,83,2.33,broken clouds
331,Murmashi,RU,68.8154,32.8115,25.21,80,0,6.71,clear sky
332,Pekan,MY,3.4836,103.3996,75.31,91,100,4.29,overcast clouds
333,Ola,RU,59.5833,151.2833,19.78,93,100,8.01,overcast clouds
334,Saryozek,KZ,44.3583,77.9753,59.43,64,100,7.23,overcast clouds
335,Muncar,ID,-8.4333,114.3333,75.11,92,100,2.68,overcast clouds
336,Mokhsogollokh,RU,61.4681,128.9203,5.63,99,97,2.01,overcast clouds
337,Port Lincoln,AU,-34.7333,135.8667,60.13,87,17,7.38,few clouds
338,Coihueco,CL,-36.6167,-71.8333,78.76,31,0,6.82,clear sky
339,Guerrero Negro,MX,27.9769,-114.0611,83.68,26,0,9.26,clear sky
340,Inirida,CO,3.8653,-67.9239,83.01,84,85,1.83,overcast clouds
341,Aras,ES,42.5617,-2.356,61.21,39,0,9.22,clear sky
342,Mayumba,GA,-3.432,10.6554,78.24,92,84,8.37,broken clouds
343,Tuktoyaktuk,CA,69.4541,-133.0374,15.8,73,75,5.75,broken clouds
344,Santa Isabel Do Rio Negro,BR,-0.4139,-65.0192,84.52,86,94,2.08,overcast clouds
345,Sao Felix Do Xingu,BR,-6.6447,-51.995,88.05,60,48,3.71,light rain
346,Florianopolis,BR,-27.6146,-48.5012,77.13,78,75,6.91,broken clouds
347,Puerto Carreno,CO,6.189,-67.4859,91.38,49,20,4.61,few clouds
348,Kapit,MY,2.0167,112.9333,72.82,99,100,0.98,overcast clouds
349,Andenes,NO,69.3143,16.1194,33.78,64,0,19.57,clear sky
350,Cacoal,BR,-11.4386,-61.4472,86.59,66,22,4.05,few clouds
351,Fort Nelson,CA,58.8053,-122.7002,40.59,26,75,0.0,broken clouds
352,Farafangana,MG,-22.8167,47.8333,77.61,85,72,9.26,light rain
353,Zyryanka,RU,65.75,150.85,-13.04,100,100,2.19,overcast clouds
354,Aksha,RU,50.2814,113.2867,39.42,72,18,8.08,few clouds
355,Nouadhibou,MR,20.931,-17.0347,71.58,56,0,19.57,sand
356,New Ulm,US,44.3125,-94.4605,36.43,84,75,19.57,broken clouds
357,Kuusamo,FI,65.9667,29.1833,28.44,86,100,8.05,overcast clouds
358,Leme,BR,-22.1856,-47.3903,87.48,60,32,4.68,scattered clouds
359,Portland,US,45.5234,-122.6762,70.95,33,20,11.01,few clouds
360,Athens,GR,37.9795,23.7162,67.37,47,20,17.0,few clouds
361,Primorka,RU,47.2836,39.0625,52.95,64,23,12.97,few clouds
362,Victoria,HK,22.2855,114.1577,73.45,51,0,18.01,clear sky
363,Sindou,BF,10.6667,-5.1667,85.77,52,86,10.36,moderate rain
364,Madingou,CG,-4.1536,13.55,77.25,90,84,2.46,light rain
365,Belyy,RU,55.8402,32.9419,45.19,96,100,10.6,overcast clouds
366,Polyarnyy,RU,69.1989,33.4478,20.17,84,21,11.99,few clouds
367,Huarmey,PE,-10.0681,-78.1522,75.63,72,100,13.33,overcast clouds
368,Saint-Louis,SN,16.3333,-15.0,100.04,12,5,14.27,clear sky
369,Opuwo,NA,-18.0607,13.84,74.79,38,6,3.51,clear sky
370,Anadyr,RU,64.75,177.4833,-5.3,84,0,15.66,clear sky
371,Hearst,CA,49.6835,-83.6665,30.45,99,100,8.08,light snow
372,Waingapu,ID,-9.6567,120.2641,77.74,82,59,4.54,broken clouds
373,Bud,US,39.447,-86.1758,50.02,62,100,17.81,overcast clouds
374,Alofi,NU,-19.0595,-169.9187,69.69,100,98,3.44,overcast clouds
375,Beyneu,KZ,45.3167,55.2,59.34,50,100,14.18,overcast clouds
376,Dandong,CN,40.1292,124.3947,43.0,51,0,5.1,clear sky
377,Lajas,PR,18.05,-67.0593,83.32,77,48,17.0,scattered clouds
378,Barbastro,ES,42.0356,0.1269,64.94,51,76,8.66,broken clouds
379,Terra Santa,BR,-2.1042,-56.4869,84.67,77,46,1.57,scattered clouds
380,Shizilu,CN,35.1711,118.8289,52.05,94,0,4.18,clear sky
381,Dungarvan,IE,52.0881,-7.6253,49.21,83,45,5.99,scattered clouds
382,Launceston,AU,-41.45,147.1667,48.15,89,40,4.61,scattered clouds
383,Acarau,BR,-2.8856,-40.12,81.82,79,94,12.12,light rain
384,Cerritos,US,33.8583,-118.0648,96.76,14,0,10.0,clear sky
385,Nyurba,RU,63.2842,118.3319,11.01,95,100,5.86,overcast clouds
386,Hervey Bay,AU,-25.2986,152.8535,71.02,94,42,7.0,light rain
387,Ampanihy,MG,-24.7,44.75,74.35,88,79,4.52,broken clouds
388,Kitimat,CA,54.0524,-128.6534,35.98,30,100,1.77,light rain
389,Forecariah,GN,9.4306,-13.0881,83.25,67,87,6.53,overcast clouds
390,Faya,SA,18.3851,42.4509,66.31,10,0,5.99,clear sky
391,Talnakh,RU,69.4865,88.3972,6.28,100,99,4.79,overcast clouds
392,Yuxia,CN,34.0615,108.6291,56.01,42,0,7.85,clear sky
393,Sistranda,NO,63.7256,8.834,35.56,58,6,20.13,clear sky
394,Kralendijk,BQ,12.15,-68.2667,85.98,66,40,19.57,scattered clouds
395,Verkhnevilyuysk,RU,63.4453,120.3167,-2.43,100,90,4.65,overcast clouds
396,Takoradi,GH,4.8845,-1.7554,82.2,80,49,11.56,scattered clouds
397,Oshawa,CA,43.9001,-78.8496,56.68,80,100,9.22,overcast clouds
398,Nizhneudinsk,RU,54.9076,99.0276,31.35,83,17,5.1,few clouds
399,Punta Alta,AR,-38.8759,-62.0736,70.79,58,100,16.2,overcast clouds
400,Lisala,CD,2.15,21.5167,76.15,70,23,2.01,few clouds
401,Huilong,CN,31.8111,121.655,55.92,83,0,8.72,clear sky
402,Santarem,BR,-2.4431,-54.7083,86.13,74,20,6.91,few clouds
403,Alginet,ES,39.2667,-0.4667,74.05,49,2,10.2,clear sky
404,Mastung,PK,29.7994,66.845,69.4,20,0,1.79,clear sky
405,Agadez,NE,19.75,10.25,89.04,6,5,5.84,clear sky
406,Gualaquiza,EC,-3.4,-78.55,70.88,92,93,2.51,moderate rain
407,Mersin,TR,36.862,34.6509,63.07,89,100,2.59,light rain
408,Nardaran,AZ,40.5561,50.0056,47.84,87,40,6.91,scattered clouds
409,Leh,IN,34.1667,77.5833,28.06,48,1,6.11,clear sky
410,Codrington,AU,-38.2667,141.9667,54.34,93,14,6.8,few clouds
411,Jijiga,ET,9.35,42.8,68.27,52,9,6.78,clear sky
412,Shenjiamen,CN,29.9576,122.298,56.77,80,0,7.38,clear sky
413,Bayangol,RU,50.6977,103.4656,31.75,95,16,2.08,few clouds
414,Bad Freienwalde,DE,52.7873,14.0304,51.57,90,100,5.99,overcast clouds
415,Tres Arroyos,AR,-38.3739,-60.2798,74.08,44,100,12.08,overcast clouds
416,Port Augusta,AU,-32.5,137.7667,61.68,74,0,7.78,clear sky
417,La Rioja,ES,42.25,-2.5,56.98,66,100,7.47,overcast clouds
418,Pizarro,CO,4.9533,-77.366,81.32,76,99,5.19,overcast clouds
419,Kaura Namoda,NG,12.5898,6.5779,92.41,14,86,7.54,overcast clouds
420,Mandvi,IN,22.8333,69.3667,83.25,58,20,11.01,few clouds
421,Hovd,MN,48.0056,91.6419,48.58,29,66,9.93,broken clouds
422,Yambio,SS,4.5721,28.3955,68.95,87,100,2.86,overcast clouds
423,Lavrentiya,RU,65.5833,-171.0,-8.0,91,100,6.53,overcast clouds
424,Melfi,IT,40.9965,15.6514,48.9,93,6,9.01,clear sky
425,Phonhong,LA,18.5007,102.4166,74.71,60,41,1.88,scattered clouds
426,College,US,64.8569,-147.8028,35.91,60,75,3.44,broken clouds
427,Port Maria,JM,18.3685,-76.8895,89.06,78,68,13.6,broken clouds
428,Krasnoselkup,RU,65.7,82.4667,5.41,98,88,6.91,overcast clouds
429,Nikolayevsk-Na-Amure,RU,53.1406,140.73,14.9,95,100,1.95,overcast clouds
430,Kasongo,CD,-4.45,26.6667,70.41,90,45,3.33,light rain
431,Ingham,US,42.6,-84.3833,44.83,70,100,9.22,overcast clouds
432,Biograd Na Moru,HR,43.9433,15.4519,53.76,82,30,0.34,scattered clouds
433,Aksarka,RU,66.5606,67.7975,-3.1,99,100,4.72,overcast clouds
434,Saint-Leu,RE,-21.15,55.2833,77.86,80,48,11.27,scattered clouds
435,Buraydah,SA,26.326,43.975,84.65,8,100,11.21,overcast clouds
436,Magadan,RU,59.5667,150.8,18.66,94,100,8.75,overcast clouds
437,Atambua,ID,-9.1061,124.8925,72.75,88,100,3.29,overcast clouds
438,Yar-Sale,RU,66.8333,70.8333,-5.3,99,100,7.83,overcast clouds
439,Zanjan,IR,36.6736,48.4787,52.75,51,0,16.17,clear sky
440,Beysehir,TR,37.6773,31.7246,57.15,50,30,21.25,scattered clouds
441,Tura,IN,25.5198,90.2201,71.67,78,5,3.87,clear sky
442,Rantoul,US,40.3084,-88.1559,50.34,67,100,19.57,overcast clouds
443,Merritt Island,US,28.5392,-80.672,82.45,83,100,11.5,moderate rain
444,Vestmanna,FO,62.1564,-7.1664,32.92,80,100,28.77,light snow
445,Kupino,RU,54.3663,77.2981,32.38,80,100,4.94,overcast clouds
446,Sembe,CG,1.6481,14.5806,78.24,69,40,1.88,scattered clouds
447,Banjarmasin,ID,-3.3244,114.591,77.14,94,24,3.18,few clouds
448,Luganville,VU,-15.5333,167.1667,79.05,85,100,6.11,overcast clouds
449,Maneadero,MX,31.7167,-116.5667,76.1,59,1,1.99,clear sky
450,Diamantino,BR,-14.4086,-56.4461,91.83,43,0,2.42,clear sky
451,San Juan,AR,-31.5375,-68.5364,86.38,22,0,7.92,clear sky
452,Preobrazheniye,RU,42.9019,133.9064,29.53,87,5,7.63,clear sky
453,Bachatskiy,RU,54.2927,86.1285,32.18,93,91,1.28,overcast clouds
454,Beloha,MG,-25.1667,45.05,74.82,89,44,3.96,light rain
455,Seoul,KR,37.5683,126.9778,42.24,81,0,6.91,clear sky
456,Yoichi,JP,43.2039,140.7703,34.11,88,99,2.26,light snow
457,Innisfail,AU,-17.5333,146.0333,72.9,87,90,4.54,overcast clouds
458,Turkistan,KZ,43.0,68.0,66.51,40,13,7.18,few clouds
459,Sobolevo,RU,54.4299,31.8996,45.66,89,100,12.41,overcast clouds
460,Truro,GB,50.2653,-5.0544,49.28,61,75,21.85,broken clouds
461,Lorengau,PG,-2.0226,147.2712,80.8,83,100,15.01,overcast clouds
462,Mountain Home,US,43.133,-115.6912,56.95,27,11,7.27,few clouds
463,Tilichiki,RU,60.4667,166.1,6.46,93,100,6.53,overcast clouds
464,Tessalit,ML,20.1986,1.0114,93.6,7,0,9.95,clear sky
465,Kamien Pomorski,PL,53.9685,14.7726,46.76,79,100,21.94,overcast clouds
466,Novaya Ladoga,RU,60.1025,32.3019,37.22,99,100,9.44,overcast clouds
467,Zarand,IR,30.8127,56.564,71.15,12,44,7.07,scattered clouds
468,Vestmannaeyjar,IS,63.4427,-20.2734,36.59,48,0,6.91,clear sky
469,Brookside,US,39.6671,-75.7269,52.83,92,100,8.05,mist
470,Nayudupeta,IN,13.9,79.9,77.59,88,9,3.58,clear sky
471,Dingle,PH,10.9995,122.6711,74.44,95,100,7.4,very heavy rain
472,Kirakira,SB,-10.4544,161.9205,81.01,82,100,10.89,overcast clouds
473,Umm Kaddadah,SD,13.6017,26.6876,86.38,10,0,11.88,clear sky
474,Plouzane,FR,48.3833,-4.6167,50.32,73,100,13.8,overcast clouds
475,Valley City,US,46.9233,-98.0032,34.32,93,100,31.07,overcast clouds
476,Maturin,VE,9.75,-63.1767,98.1,25,100,9.01,overcast clouds
477,Grimshaw,CA,56.1834,-117.6027,44.22,39,75,8.05,broken clouds
478,Jining,CN,35.405,116.5814,53.4,74,0,6.96,clear sky
479,Havelock,US,34.8791,-76.9013,83.98,77,20,18.41,few clouds
480,Muromtsevo,RU,56.3724,75.2418,34.18,86,100,7.52,overcast clouds
481,Linxia,CN,35.6003,103.2064,53.42,18,100,3.02,overcast clouds
482,Lubumbashi,CD,-11.6609,27.4794,64.8,96,100,1.77,moderate rain
483,Barahona,DO,18.2085,-71.1008,87.62,62,40,13.8,scattered clouds
484,Chhapra,IN,25.7667,84.75,84.18,31,0,7.99,clear sky
485,Sioux Lookout,CA,50.1001,-91.917,32.07,51,100,13.8,overcast clouds
486,Heinola,FI,61.2056,26.0381,32.0,97,100,5.97,overcast clouds
487,Solnechnyy,RU,50.7214,136.6319,14.54,81,2,5.55,clear sky
488,Taltal,CL,-25.4,-70.4833,70.09,70,24,5.97,few clouds
489,Itarema,BR,-2.9248,-39.9167,81.37,80,94,11.32,moderate rain
490,Nalut,LY,30.3333,10.85,70.72,17,0,10.56,clear sky
491,Anshun,CN,26.25,105.9333,54.52,61,100,2.06,overcast clouds
492,Serabu,SL,7.7958,-12.0536,81.7,64,100,1.68,overcast clouds
493,Sainte-Suzanne,RE,-20.9061,55.6089,77.22,69,100,8.05,overcast clouds
494,San Policarpo,PH,12.1791,125.5072,77.49,90,100,9.73,heavy intensity rain
495,Fukue,JP,32.6881,128.8419,59.77,60,0,11.34,clear sky
496,Huron,US,41.1501,-82.5499,54.68,66,100,15.66,overcast clouds
497,Pombas,CV,17.1503,-25.0201,73.18,77,19,15.41,few clouds
498,Karaidel,RU,55.8337,56.9069,29.21,93,100,10.13,overcast clouds
499,Simao,CN,22.7886,100.9748,59.13,73,59,1.99,broken clouds
500,Gorontalo,ID,0.5412,123.0595,74.46,92,100,1.23,overcast clouds
501,Sarakhs,IR,36.5449,61.1577,69.94,46,100,2.3,overcast clouds
502,Ales,FR,44.1333,4.0833,58.69,71,100,8.21,overcast clouds
503,Zaragoza,ES,41.6561,-0.8773,68.45,40,0,9.22,clear sky
504,Hambantota,LK,6.1241,81.1185,75.54,100,75,2.3,broken clouds
505,Bontang,ID,0.1333,117.5,75.99,89,93,6.22,overcast clouds
506,Pleasanton,US,37.6624,-121.8747,85.24,32,0,1.99,clear sky
507,Hun,LY,29.1268,15.9477,67.51,45,2,19.86,clear sky
508,Rawson,AR,-43.3002,-65.1023,57.4,78,100,17.96,light rain
509,Campos Novos,BR,-27.4017,-51.225,63.79,99,100,2.51,heavy intensity rain
510,Tawang,IN,27.5833,91.8667,46.96,94,100,1.95,overcast clouds
511,Mugur-Aksy,RU,50.35,90.5,32.72,80,97,4.81,overcast clouds
512,Gonaives,HT,19.45,-72.6833,87.58,52,31,11.48,scattered clouds
513,Polis,CY,35.0367,32.4264,66.02,68,100,6.46,light rain
514,Orcopampa,PE,-15.2661,-72.3417,59.32,50,61,7.49,broken clouds
515,Coquimbo,CL,-29.9533,-71.3436,67.68,66,1,8.46,clear sky
516,Grants,US,35.1473,-107.8514,57.43,6,0,13.8,clear sky
517,Saint-Georges,GD,12.0564,-61.7485,80.28,83,75,23.02,broken clouds
518,Zagan,PL,51.6176,15.3149,47.98,88,85,16.87,overcast clouds
519,Yarmouth,US,41.7057,-70.2286,55.15,63,0,13.8,clear sky
520,Mantua,IT,45.1667,10.7833,65.44,61,100,10.51,overcast clouds
521,Axim,GH,4.8699,-2.2405,81.57,81,93,9.28,overcast clouds
522,Nelson Bay,AU,-32.7167,152.15,70.0,95,97,17.16,overcast clouds
523,Bail Hongal,IN,15.8167,74.8667,85.28,48,98,5.23,overcast clouds
524,Nantucket,US,41.2835,-70.0995,55.51,67,0,21.85,clear sky
525,Tello,CO,3.0669,-75.1378,88.21,56,50,1.25,moderate rain
526,Rio Gallegos,AR,-51.6226,-69.2181,53.65,58,0,3.44,clear sky
527,Broome,US,42.2506,-75.833,48.38,82,100,8.05,moderate rain
528,Saint-Joseph,RE,-21.3667,55.6167,75.58,81,24,12.75,light rain
529,Siderno,IT,38.2779,16.302,50.34,80,9,18.86,clear sky
530,Sitka,US,57.0531,-135.33,42.69,70,100,11.5,light rain
531,Ellensburg,US,46.9965,-120.5479,57.58,40,0,3.0,clear sky
532,Aloleng,PH,16.1307,119.7824,79.52,82,100,4.97,overcast clouds
533,Big Bend,SZ,-26.8167,31.9333,69.89,73,100,4.61,overcast clouds
534,Tombouctou,ML,20.0,-3.0,91.71,12,10,12.41,clear sky
535,Nerchinskiy Zavod,RU,51.3088,119.61,37.42,82,98,2.82,light rain
536,Mercedes,AR,-34.6515,-59.4307,80.78,31,0,8.3,clear sky
537,Roebourne,AU,-20.7833,117.1333,85.03,55,1,9.06,clear sky
538,Loralai,PK,30.3705,68.598,74.62,14,0,6.49,clear sky
539,Tocopilla,CL,-22.092,-70.1979,72.34,65,43,8.43,scattered clouds
540,Ibia,BR,-19.4783,-46.5389,87.26,61,72,2.98,broken clouds
541,Gat,IL,31.61,34.7642,83.39,21,100,11.16,overcast clouds
542,Ust-Kuyga,RU,70.0167,135.6,-13.14,97,79,2.66,broken clouds
543,Moose Factory,CA,51.2585,-80.6094,33.8,93,100,12.66,overcast clouds
544,Mancio Lima,BR,-7.6142,-72.8958,87.87,66,75,3.44,broken clouds
545,Tazovskiy,RU,67.4667,78.7,-7.11,99,97,7.45,overcast clouds
546,Sinjar,IQ,36.3209,41.8754,66.04,38,14,8.99,few clouds
547,Syracuse,IT,37.0881,15.2792,61.97,64,0,9.35,clear sky
548,San Jeronimo,PE,-11.9472,-75.2829,58.46,63,98,4.45,overcast clouds
549,Dubrovnik,HR,42.6481,18.0922,53.24,87,0,8.05,clear sky
550,Kudahuvadhoo,MV,2.6708,72.8944,83.71,67,16,1.14,few clouds
551,Tautira,PF,-17.7333,-149.15,81.79,71,2,19.42,clear sky
552,Mount Isa,AU,-20.7333,139.5,71.37,26,0,8.05,light rain
553,Kemijarvi,FI,66.7131,27.4306,26.53,95,100,6.02,overcast clouds
554,Alice Springs,AU,-23.7,133.8833,58.55,47,0,0.0,clear sky
555,Shingu,JP,33.7333,135.9833,51.64,82,0,5.99,clear sky
556,Yantal,RU,56.8471,105.2542,29.97,89,44,9.62,scattered clouds
557,Goderich,CA,43.7501,-81.7165,50.32,57,17,14.97,few clouds
558,Porto Walter,BR,-8.2686,-72.7439,80.98,90,100,1.61,overcast clouds
559,Fairbanks,US,64.8378,-147.7164,35.92,61,75,3.44,broken clouds
560,Gdov,RU,58.7406,27.8122,38.12,98,100,7.96,overcast clouds
561,Cuiluan,CN,47.72,128.648,32.67,33,100,9.55,overcast clouds
562,Grand-Santi,GF,4.25,-54.3833,81.0,89,57,4.38,broken clouds
563,Outjo,NA,-20.1167,16.15,73.2,33,4,4.85,clear sky
564,Boyolangu,ID,-8.1181,111.8935,74.66,92,57,2.8,broken clouds
565,Visnes,NO,59.3556,5.2242,41.05,48,0,12.66,clear sky
566,Ishigaki,JP,24.3448,124.1572,69.93,73,100,17.27,overcast clouds
567,Lata,PT,40.1629,-8.3327,57.81,80,99,5.1,overcast clouds
568,Ellenabad,IN,29.45,74.65,85.14,7,0,2.33,clear sky
569,Verkhoyansk,RU,67.5447,133.385,-8.41,100,97,1.81,overcast clouds
570,Samarinda,ID,-0.5,117.15,72.57,98,100,1.83,overcast clouds
571,Galveston,US,29.3669,-94.9669,76.17,27,0,16.11,clear sky
572,Chimala,TZ,-8.85,34.0167,65.35,90,97,3.6,overcast clouds
573,Dharchula,IN,29.85,80.5333,62.82,30,0,7.81,clear sky
574,Sao Filipe,CV,14.8961,-24.4956,72.81,74,31,14.23,scattered clouds
575,Basco,PH,20.4487,121.9702,74.43,74,100,29.17,overcast clouds
576,Oksfjord,NO,70.2396,22.3479,33.98,93,100,5.66,overcast clouds
577,Illintsi,UA,49.1048,29.2177,49.37,71,100,14.2,overcast clouds
578,Imeni Poliny Osipenko,RU,52.4201,136.4853,-0.17,100,81,0.85,broken clouds
579,Golden,US,39.7555,-105.2211,52.21,24,0,23.02,clear sky
580,Morondava,MG,-20.2833,44.2833,80.17,69,0,13.11,clear sky
581,Linhares,BR,-19.3911,-40.0722,79.97,78,47,8.66,scattered clouds
582,Mongo,TD,12.1844,18.693,93.63,14,9,3.15,clear sky
583,Tarauaca,BR,-8.1614,-70.7656,87.12,65,100,1.92,overcast clouds
584,Meulaboh,ID,4.1363,96.1285,76.23,85,100,3.78,overcast clouds
585,Enshi,CN,30.3,109.4833,60.46,74,0,1.07,clear sky
586,Petatlan,MX,17.5167,-101.2667,87.89,45,10,8.52,clear sky
587,Maiduguri,NG,11.8464,13.1603,93.2,11,20,9.66,few clouds
588,Bandarbeyla,SO,9.4942,50.8122,80.55,77,47,9.15,scattered clouds
589,Pascagoula,US,30.3658,-88.5561,75.42,24,0,10.36,clear sky
590,Fort-Shevchenko,KZ,44.5086,50.263,49.93,63,98,10.96,overcast clouds
591,Deputatskiy,RU,69.3,139.9,-18.98,100,100,2.13,overcast clouds
592,Tadine,NC,-21.55,167.8833,78.69,84,99,24.18,heavy intensity rain
593,Praia Da Vitoria,PT,38.7333,-27.0667,66.45,82,40,13.69,scattered clouds
594,Nakamura,JP,32.9833,132.9333,50.4,85,0,5.17,clear sky
595,Hellvik,NO,59.9156,5.781,39.76,75,67,6.26,broken clouds
596,Gorin,RU,51.1983,136.6669,13.05,92,6,3.15,clear sky
597,Yazd,IR,31.8972,54.3675,78.91,11,75,9.22,broken clouds
598,Hokitika,NZ,-42.7167,170.9667,55.2,69,100,1.57,overcast clouds
599,Kendari,ID,-3.945,122.4989,74.34,90,70,4.16,broken clouds
600,Christchurch,NZ,-43.5333,172.6333,42.94,90,0,4.61,clear sky
601,Bongandanga,CD,1.5,21.05,76.91,56,97,2.21,overcast clouds
602,Kroya,ID,-7.6331,109.2461,76.32,91,98,2.84,overcast clouds
603,Bhatkal,IN,13.9667,74.5667,81.57,81,79,3.94,broken clouds
604,Portobelo,PA,9.55,-79.65,84.11,75,100,4.41,overcast clouds
605,Saltillo,MX,25.4167,-101.0,78.15,33,0,9.22,clear sky
606,Santa Cruz Del Sur,CU,20.7147,-77.9956,85.35,59,58,12.77,broken clouds
607,Ust-Nera,RU,64.5667,143.2,12.16,94,100,3.87,overcast clouds
608,Betamcherla,IN,15.4667,78.1667,83.17,38,59,9.6,broken clouds
609,Konosha,RU,60.9736,40.257,30.04,93,100,11.01,overcast clouds
610,Namtsy,RU,62.7161,129.6658,10.69,98,97,4.25,overcast clouds
611,Mecca,SA,21.4267,39.8261,82.38,35,0,0.51,clear sky
612,Joshimath,IN,30.5667,79.5667,54.93,41,0,8.3,clear sky
613,Salitral,PE,-4.8572,-80.6811,91.67,39,33,10.69,scattered clouds
614,Sinnamary,GF,5.3833,-52.95,77.16,90,100,10.8,overcast clouds
615,Grand Gaube,MU,-20.0064,57.6608,79.2,87,9,1.99,clear sky
616,Novoagansk,RU,61.9449,76.6625,5.23,100,100,1.16,overcast clouds
617,Dubbo,AU,-32.25,148.6167,60.93,94,100,10.36,overcast clouds
618,Broken Hill,AU,-31.95,141.4333,53.31,82,3,5.75,clear sky
619,Port Arthur,CN,38.8,121.2667,46.62,71,0,8.37,clear sky
620,Bafq,IR,31.6128,55.4107,78.26,11,100,11.48,overcast clouds
621,San Carlos De Bariloche,AR,-41.1456,-71.3082,58.75,67,75,17.27,broken clouds
622,Heze,CN,35.2431,115.4411,53.49,80,0,7.27,clear sky
623,Trinidad,BO,-14.8333,-64.9,93.18,55,40,6.91,scattered clouds
624,Rio Grande,BR,-32.035,-52.0986,75.31,76,100,8.37,overcast clouds
625,Shimoda,JP,34.6667,138.95,52.11,61,0,16.78,clear sky
626,Eyrarbakki,IS,63.863,-21.1481,33.85,56,58,10.85,broken clouds
627,Rocha,UY,-34.4833,-54.3333,78.58,42,100,9.53,overcast clouds
628,Eskilstuna,SE,59.3666,16.5077,31.86,98,100,14.0,snow
629,Ahuimanu,US,21.4447,-157.8378,78.51,65,40,17.27,scattered clouds
630,Borzya,RU,50.3833,116.5167,44.13,65,72,20.4,broken clouds
631,Shelburne,CA,44.0787,-80.2041,55.9,76,99,14.63,overcast clouds
632,Sinegorye,RU,62.0788,150.477,6.57,99,100,1.43,overcast clouds
633,Kodinsk,RU,58.6881,99.1844,29.75,91,97,9.4,overcast clouds
634,Yumen,CN,40.2833,97.2,57.92,14,5,14.58,clear sky
635,Huangchuan,CN,32.1272,115.0394,62.13,68,0,6.51,clear sky
636,Calvia,ES,39.5657,2.5062,60.91,34,0,13.69,clear sky
637,Pishin,PK,30.5803,66.9961,71.02,18,0,3.24,clear sky
638,Fontem,CM,5.4685,9.8818,70.75,90,78,0.92,light rain
639,La Ronge,CA,55.1001,-105.2842,39.45,52,40,4.61,scattered clouds
640,Nanortalik,GL,60.1432,-45.2371,31.35,85,98,9.95,overcast clouds
641,Botwood,CA,49.1499,-55.3482,37.9,98,100,12.5,overcast clouds
642,Springbok,ZA,-29.6643,17.8865,61.34,22,98,10.2,overcast clouds
643,Yelkhovka,RU,53.8667,50.2832,41.76,93,100,6.35,overcast clouds
644,Razole,IN,16.4833,81.8333,76.64,94,6,2.21,clear sky
645,Karratha,AU,-20.7377,116.8463,84.94,56,3,9.73,clear sky
646,Port-Cartier,CA,50.0334,-66.8654,39.31,94,66,2.98,broken clouds
647,Airai,TL,-8.9266,125.4092,59.22,87,100,2.24,overcast clouds
648,Zheshart,RU,62.0731,49.5733,26.67,96,98,4.5,overcast clouds
649,Ayan,RU,56.45,138.1667,20.84,85,100,5.79,overcast clouds
650,Lixourion,GR,38.2019,20.4314,59.0,88,40,10.36,scattered clouds
651,Mindelo,CV,16.8901,-24.9804,74.75,57,20,28.77,few clouds
652,Pozo Colorado,PY,-23.4923,-58.7972,98.44,27,93,7.14,overcast clouds
653,Anloga,GH,5.7947,0.8973,83.34,81,68,13.04,broken clouds
654,Puga,MX,21.5833,-104.8167,89.67,30,0,0.0,clear sky
655,Darhan,MN,49.4867,105.9228,46.08,52,72,14.58,broken clouds
656,San Isidro,PE,-12.1167,-77.05,74.5,74,20,13.8,few clouds
657,Barre,US,44.197,-72.5021,43.59,69,100,13.2,light rain
658,Iquique,CL,-20.2208,-70.1431,70.41,68,64,4.94,broken clouds
659,Datong,CN,40.0936,113.2914,53.17,25,0,3.24,clear sky
660,Naryan-Mar,RU,67.6713,53.087,3.24,93,100,7.02,overcast clouds
661,Sao Raimundo Nonato,BR,-9.0153,-42.6994,96.87,20,46,5.12,scattered clouds
662,Sakakah,SA,29.9697,40.2064,76.57,19,100,6.98,overcast clouds
663,Bay-Khaak,RU,51.1667,94.5,41.13,86,100,4.32,overcast clouds
664,Mayo,US,38.8876,-76.5119,58.14,95,100,13.0,mist
665,Kampong Chhnang,KH,12.1667,104.55,78.33,77,100,5.57,overcast clouds
666,Kamenka,RU,51.3223,42.7678,48.11,74,92,9.8,overcast clouds
667,Ixtapa,MX,20.7,-105.2,76.23,69,0,10.36,clear sky
668,Nizwa,OM,22.9333,57.5333,83.82,22,5,1.92,clear sky
669,Jumla,NP,29.2747,82.1838,47.48,43,0,4.25,clear sky
670,Aykhal,RU,66.0,111.5,10.27,97,100,4.94,overcast clouds
671,Katobu,ID,-4.9408,122.5276,74.77,93,87,2.84,overcast clouds
672,Necochea,AR,-38.5473,-58.7368,64.26,66,78,13.96,broken clouds
673,Neiafu,TO,-18.65,-173.9833,77.68,88,75,0.0,broken clouds
674,Vila Real De Santo Antonio,PT,37.195,-7.4177,62.35,69,0,6.2,clear sky
675,Mujiayingzi,CN,42.1167,118.7833,51.35,41,0,10.11,clear sky
